FOVId,RawFileName
0,/allen/aics/assay-dev/MicroscopyData/Melissa/2019/20190807/63x_exports/20190807_M01_001_Capture 1 - Capture 1 - B4 [144] Montage - 1_C0.tif
1,/allen/aics/assay-dev/MicroscopyData/Melissa/2019/20190807/63x_exports/20190807_M01_002_Capture 1 - Capture 1 - C3 [144] Montage - 2_C0.tif
2,/allen/aics/assay-dev/MicroscopyData/Melissa/2019/20190807/63x_exports/20190807_M01_001_Capture 1 - Capture 1 - B3 [144] Montage - 25_C0.tif
3,/allen/aics/assay-dev/MicroscopyData/Melissa/2019/20190807/63x_exports/20190807_M01_002_Capture 1 - Capture 1 - C4 [144] Montage - 28_C0.tif
4,/allen/aics/assay-dev/MicroscopyData/Melissa/2019/20190807/63x_exports/20190807_M01_002_Capture 1 - Capture 1 - C3 [144] Montage - 26_C0.tif
5,/allen/aics/assay-dev/MicroscopyData/Melissa/2019/20190807/63x_exports/20190807_M01_001_Capture 1 - Capture 1 - B2 [144] Montage - 3_C0.tif
6,/allen/aics/assay-dev/MicroscopyData/Melissa/2019/20190807/63x_exports/20190807_M01_002_Capture 1 - Capture 1 - C2 [144] Montage - 19_C0.tif
7,/allen/aics/assay-dev/MicroscopyData/Melissa/2019/20190807/63x_exports/20190807_M01_001_Capture 1 - Capture 1 - B5 [144] Montage - 22_C0.tif
8,/allen/aics/assay-dev/MicroscopyData/Melissa/2019/20190807/63x_exports/20190807_M01_002_Capture 1 - Capture 1 - C4 [144] Montage - 10_C0.tif
9,/allen/aics/assay-dev/MicroscopyData/Melissa/2019/20190807/63x_exports/20190807_M01_001_Capture 1 - Capture 1 - B2 [144] Montage - 29_C0.tif
10,/allen/aics/assay-dev/MicroscopyData/Melissa/2019/20190807/63x_exports/20190807_M01_001_Capture 1 - Capture 1 - B5 [144] Montage - 11_C0.tif
11,/allen/aics/assay-dev/MicroscopyData/Melissa/2019/20190807/63x_exports/20190807_M01_001_Capture 1 - Capture 1 - B3 [144] Montage - 28_C0.tif
12,/allen/aics/assay-dev/MicroscopyData/Melissa/2019/20190807/63x_exports/20190807_M01_001_Capture 1 - Capture 1 - B4 [144] Montage - 29_C0.tif
13,/allen/aics/assay-dev/MicroscopyData/Melissa/2019/20190807/63x_exports/20190807_M01_002_Capture 1 - Capture 1 - C4 [144] Montage - 20_C0.tif
14,/allen/aics/assay-dev/MicroscopyData/Melissa/2019/20190807/63x_exports/20190807_M01_001_Capture 1 - Capture 1 - B4 [144] Montage - 22_C0.tif
15,/allen/aics/assay-dev/MicroscopyData/Melissa/2019/20190807/63x_exports/20190807_M01_001_Capture 1 - Capture 1 - B3 [144] Montage - 7_C0.tif
16,/allen/aics/assay-dev/MicroscopyData/Melissa/2019/20190807/63x_exports/20190807_M01_002_Capture 1 - Capture 1 - C4 [144] Montage - 19_C0.tif
17,/allen/aics/assay-dev/MicroscopyData/Melissa/2019/20190807/63x_exports/20190807_M01_001_Capture 1 - Capture 1 - B5 [144] Montage - 25_C0.tif
18,/allen/aics/assay-dev/MicroscopyData/Melissa/2019/20190807/63x_exports/20190807_M01_002_Capture 1 - Capture 1 - C5 [144] Montage - 6_C0.tif
19,/allen/aics/assay-dev/MicroscopyData/Melissa/2019/20190807/63x_exports/20190807_M01_002_Capture 1 - Capture 1 - C4 [144] Montage - 24_C0.tif
20,/allen/aics/assay-dev/MicroscopyData/Melissa/2019/20190807/63x_exports/20190807_M01_001_Capture 1 - Capture 1 - B4 [144] Montage - 28_C0.tif
21,/allen/aics/assay-dev/MicroscopyData/Melissa/2019/20190807/63x_exports/20190807_M01_002_Capture 1 - Capture 1 - C2 [144] Montage - 27_C0.tif
22,/allen/aics/assay-dev/MicroscopyData/Melissa/2019/20190807/63x_exports/20190807_M01_002_Capture 1 - Capture 1 - C5 [144] Montage - 5_C0.tif
23,/allen/aics/assay-dev/MicroscopyData/Melissa/2019/20190807/63x_exports/20190807_M01_002_Capture 1 - Capture 1 - C4 [144] Montage - 14_C0.tif
24,/allen/aics/assay-dev/MicroscopyData/Melissa/2019/20190807/63x_exports/20190807_M01_001_Capture 1 - Capture 1 - B2 [144] Montage - 20_C0.tif
25,/allen/aics/assay-dev/MicroscopyData/Melissa/2019/20190807/63x_exports/20190807_M01_001_Capture 1 - Capture 1 - B2 [144] Montage - 4_C0.tif
26,/allen/aics/assay-dev/MicroscopyData/Melissa/2019/20190807/63x_exports/20190807_M01_001_Capture 1 - Capture 1 - B3 [144] Montage - 23_C0.tif
27,/allen/aics/assay-dev/MicroscopyData/Melissa/2019/20190807/63x_exports/20190807_M01_001_Capture 1 - Capture 1 - B5 [144] Montage - 23_C0.tif
28,/allen/aics/assay-dev/MicroscopyData/Melissa/2019/20190807/63x_exports/20190807_M01_002_Capture 1 - Capture 1 - C5 [144] Montage - 2_C0.tif
29,/allen/aics/assay-dev/MicroscopyData/Melissa/2019/20190807/63x_exports/20190807_M01_002_Capture 1 - Capture 1 - C3 [144] Montage - 28_C0.tif
30,/allen/aics/assay-dev/MicroscopyData/Melissa/2019/20190807/63x_exports/20190807_M01_002_Capture 1 - Capture 1 - C4 [144] Montage - 12_C0.tif
31,/allen/aics/assay-dev/MicroscopyData/Melissa/2019/20190807/63x_exports/20190807_M01_002_Capture 1 - Capture 1 - C5 [144] Montage - 8_C0.tif
32,/allen/aics/assay-dev/MicroscopyData/Melissa/2019/20190807/63x_exports/20190807_M01_001_Capture 1 - Capture 1 - B4 [144] Montage - 24_C0.tif
33,/allen/aics/assay-dev/MicroscopyData/Melissa/2019/20190807/63x_exports/20190807_M01_001_Capture 1 - Capture 1 - B4 [144] Montage - 3_C0.tif
34,/allen/aics/assay-dev/MicroscopyData/Melissa/2019/20190807/63x_exports/20190807_M01_001_Capture 1 - Capture 1 - B4 [144] Montage - 30_C0.tif
35,/allen/aics/assay-dev/MicroscopyData/Melissa/2019/20190807/63x_exports/20190807_M01_001_Capture 1 - Capture 1 - B5 [144] Montage - 2_C0.tif
36,/allen/aics/assay-dev/MicroscopyData/Melissa/2019/20190807/63x_exports/20190807_M01_001_Capture 1 - Capture 1 - B5 [144] Montage - 8_C0.tif
37,/allen/aics/assay-dev/MicroscopyData/Melissa/2019/20190807/63x_exports/20190807_M01_002_Capture 1 - Capture 1 - C2 [144] Montage - 25_C0.tif
38,/allen/aics/assay-dev/MicroscopyData/Melissa/2019/20190807/63x_exports/20190807_M01_002_Capture 1 - Capture 1 - C2 [144] Montage - 8_C0.tif
39,/allen/aics/assay-dev/MicroscopyData/Melissa/2019/20190807/63x_exports/20190807_M01_001_Capture 1 - Capture 1 - B4 [144] Montage - 10_C0.tif
40,/allen/aics/assay-dev/MicroscopyData/Melissa/2019/20190807/63x_exports/20190807_M01_002_Capture 1 - Capture 1 - C3 [144] Montage - 24_C0.tif
41,/allen/aics/assay-dev/MicroscopyData/Melissa/2019/20190807/63x_exports/20190807_M01_001_Capture 1 - Capture 1 - B4 [144] Montage - 6_C0.tif
42,/allen/aics/assay-dev/MicroscopyData/Melissa/2019/20190807/63x_exports/20190807_M01_001_Capture 1 - Capture 1 - B3 [144] Montage - 6_C0.tif
43,/allen/aics/assay-dev/MicroscopyData/Melissa/2019/20190807/63x_exports/20190807_M01_002_Capture 1 - Capture 1 - C2 [144] Montage - 23_C0.tif
44,/allen/aics/assay-dev/MicroscopyData/Melissa/2019/20190807/63x_exports/20190807_M01_002_Capture 1 - Capture 1 - C3 [144] Montage - 5_C0.tif
45,/allen/aics/assay-dev/MicroscopyData/Melissa/2019/20190807/63x_exports/20190807_M01_002_Capture 1 - Capture 1 - C5 [144] Montage - 23_C0.tif
46,/allen/aics/assay-dev/MicroscopyData/Melissa/2019/20190807/63x_exports/20190807_M01_001_Capture 1 - Capture 1 - B5 [144] Montage - 3_C0.tif
47,/allen/aics/assay-dev/MicroscopyData/Melissa/2019/20190807/63x_exports/20190807_M01_001_Capture 1 - Capture 1 - B5 [144] Montage - 14_C0.tif
48,/allen/aics/assay-dev/MicroscopyData/Melissa/2019/20190807/63x_exports/20190807_M01_002_Capture 1 - Capture 1 - C5 [144] Montage - 20_C0.tif
49,/allen/aics/assay-dev/MicroscopyData/Melissa/2019/20190807/63x_exports/20190807_M01_001_Capture 1 - Capture 1 - B3 [144] Montage - 4_C0.tif
50,/allen/aics/assay-dev/MicroscopyData/Melissa/2019/20190807/63x_exports/20190807_M01_002_Capture 1 - Capture 1 - C2 [144] Montage - 18_C0.tif
51,/allen/aics/assay-dev/MicroscopyData/Melissa/2019/20190807/63x_exports/20190807_M01_002_Capture 1 - Capture 1 - C4 [144] Montage - 13_C0.tif
52,/allen/aics/assay-dev/MicroscopyData/Melissa/2019/20190807/63x_exports/20190807_M01_002_Capture 1 - Capture 1 - C5 [144] Montage - 30_C0.tif
53,/allen/aics/assay-dev/MicroscopyData/Melissa/2019/20190807/63x_exports/20190807_M01_002_Capture 1 - Capture 1 - C3 [144] Montage - 25_C0.tif
54,/allen/aics/assay-dev/MicroscopyData/Melissa/2019/20190807/63x_exports/20190807_M01_002_Capture 1 - Capture 1 - C3 [144] Montage - 18_C0.tif
55,/allen/aics/assay-dev/MicroscopyData/Melissa/2019/20190807/63x_exports/20190807_M01_002_Capture 1 - Capture 1 - C3 [144] Montage - 17_C0.tif
56,/allen/aics/assay-dev/MicroscopyData/Melissa/2019/20190807/63x_exports/20190807_M01_002_Capture 1 - Capture 1 - C5 [144] Montage - 4_C0.tif
57,/allen/aics/assay-dev/MicroscopyData/Melissa/2019/20190807/63x_exports/20190807_M01_002_Capture 1 - Capture 1 - C2 [144] Montage - 15_C0.tif
58,/allen/aics/assay-dev/MicroscopyData/Melissa/2019/20190807/63x_exports/20190807_M01_002_Capture 1 - Capture 1 - C3 [144] Montage - 11_C0.tif
59,/allen/aics/assay-dev/MicroscopyData/Melissa/2019/20190807/63x_exports/20190807_M01_001_Capture 1 - Capture 1 - B5 [144] Montage - 27_C0.tif
60,/allen/aics/assay-dev/MicroscopyData/Melissa/2019/20190807/63x_exports/20190807_M01_001_Capture 1 - Capture 1 - B2 [144] Montage - 13_C0.tif
61,/allen/aics/assay-dev/MicroscopyData/Melissa/2019/20190807/63x_exports/20190807_M01_001_Capture 1 - Capture 1 - B5 [144] Montage - 16_C0.tif
62,/allen/aics/assay-dev/MicroscopyData/Melissa/2019/20190807/63x_exports/20190807_M01_001_Capture 1 - Capture 1 - B2 [144] Montage - 24_C0.tif
63,/allen/aics/assay-dev/MicroscopyData/Melissa/2019/20190807/63x_exports/20190807_M01_002_Capture 1 - Capture 1 - C2 [144] Montage - 12_C0.tif
64,/allen/aics/assay-dev/MicroscopyData/Melissa/2019/20190807/63x_exports/20190807_M01_001_Capture 1 - Capture 1 - B2 [144] Montage - 19_C0.tif
65,/allen/aics/assay-dev/MicroscopyData/Melissa/2019/20190807/63x_exports/20190807_M01_001_Capture 1 - Capture 1 - B5 [144] Montage - 6_C0.tif
66,/allen/aics/assay-dev/MicroscopyData/Melissa/2019/20190807/63x_exports/20190807_M01_002_Capture 1 - Capture 1 - C5 [144] Montage - 1_C0.tif
67,/allen/aics/assay-dev/MicroscopyData/Melissa/2019/20190807/63x_exports/20190807_M01_002_Capture 1 - Capture 1 - C2 [144] Montage - 30_C0.tif
68,/allen/aics/assay-dev/MicroscopyData/Melissa/2019/20190807/63x_exports/20190807_M01_001_Capture 1 - Capture 1 - B5 [144] Montage - 29_C0.tif
69,/allen/aics/assay-dev/MicroscopyData/Melissa/2019/20190807/63x_exports/20190807_M01_002_Capture 1 - Capture 1 - C5 [144] Montage - 22_C0.tif
70,/allen/aics/assay-dev/MicroscopyData/Melissa/2019/20190807/63x_exports/20190807_M01_001_Capture 1 - Capture 1 - B4 [144] Montage - 11_C0.tif
71,/allen/aics/assay-dev/MicroscopyData/Melissa/2019/20190807/63x_exports/20190807_M01_002_Capture 1 - Capture 1 - C4 [144] Montage - 5_C0.tif
72,/allen/aics/assay-dev/MicroscopyData/Melissa/2019/20190807/63x_exports/20190807_M01_002_Capture 1 - Capture 1 - C3 [144] Montage - 4_C0.tif
73,/allen/aics/assay-dev/MicroscopyData/Melissa/2019/20190807/63x_exports/20190807_M01_002_Capture 1 - Capture 1 - C4 [144] Montage - 9_C0.tif
74,/allen/aics/assay-dev/MicroscopyData/Melissa/2019/20190807/63x_exports/20190807_M01_002_Capture 1 - Capture 1 - C2 [144] Montage - 28_C0.tif
75,/allen/aics/assay-dev/MicroscopyData/Melissa/2019/20190807/63x_exports/20190807_M01_001_Capture 1 - Capture 1 - B3 [144] Montage - 19_C0.tif
76,/allen/aics/assay-dev/MicroscopyData/Melissa/2019/20190807/63x_exports/20190807_M01_002_Capture 1 - Capture 1 - C2 [144] Montage - 10_C0.tif
77,/allen/aics/assay-dev/MicroscopyData/Melissa/2019/20190807/63x_exports/20190807_M01_001_Capture 1 - Capture 1 - B4 [144] Montage - 27_C0.tif
78,/allen/aics/assay-dev/MicroscopyData/Melissa/2019/20190807/63x_exports/20190807_M01_002_Capture 1 - Capture 1 - C2 [144] Montage - 16_C0.tif
79,/allen/aics/assay-dev/MicroscopyData/Melissa/2019/20190807/63x_exports/20190807_M01_001_Capture 1 - Capture 1 - B2 [144] Montage - 5_C0.tif
80,/allen/aics/assay-dev/MicroscopyData/Melissa/2019/20190807/63x_exports/20190807_M01_001_Capture 1 - Capture 1 - B4 [144] Montage - 12_C0.tif
81,/allen/aics/assay-dev/MicroscopyData/Melissa/2019/20190807/63x_exports/20190807_M01_001_Capture 1 - Capture 1 - B4 [144] Montage - 7_C0.tif
82,/allen/aics/assay-dev/MicroscopyData/Melissa/2019/20190807/63x_exports/20190807_M01_002_Capture 1 - Capture 1 - C5 [144] Montage - 11_C0.tif
83,/allen/aics/assay-dev/MicroscopyData/Melissa/2019/20190807/63x_exports/20190807_M01_002_Capture 1 - Capture 1 - C5 [144] Montage - 19_C0.tif
84,/allen/aics/assay-dev/MicroscopyData/Melissa/2019/20190807/63x_exports/20190807_M01_001_Capture 1 - Capture 1 - B3 [144] Montage - 14_C0.tif
85,/allen/aics/assay-dev/MicroscopyData/Melissa/2019/20190807/63x_exports/20190807_M01_002_Capture 1 - Capture 1 - C2 [144] Montage - 17_C0.tif
86,/allen/aics/assay-dev/MicroscopyData/Melissa/2019/20190807/63x_exports/20190807_M01_001_Capture 1 - Capture 1 - B3 [144] Montage - 12_C0.tif
87,/allen/aics/assay-dev/MicroscopyData/Melissa/2019/20190807/63x_exports/20190807_M01_002_Capture 1 - Capture 1 - C3 [144] Montage - 6_C0.tif
88,/allen/aics/assay-dev/MicroscopyData/Melissa/2019/20190807/63x_exports/20190807_M01_001_Capture 1 - Capture 1 - B2 [144] Montage - 9_C0.tif
89,/allen/aics/assay-dev/MicroscopyData/Melissa/2019/20190807/63x_exports/20190807_M01_001_Capture 1 - Capture 1 - B3 [144] Montage - 3_C0.tif
90,/allen/aics/assay-dev/MicroscopyData/Melissa/2019/20190807/63x_exports/20190807_M01_002_Capture 1 - Capture 1 - C3 [144] Montage - 8_C0.tif
91,/allen/aics/assay-dev/MicroscopyData/Melissa/2019/20190807/63x_exports/20190807_M01_001_Capture 1 - Capture 1 - B5 [144] Montage - 28_C0.tif
92,/allen/aics/assay-dev/MicroscopyData/Melissa/2019/20190807/63x_exports/20190807_M01_001_Capture 1 - Capture 1 - B2 [144] Montage - 15_C0.tif
93,/allen/aics/assay-dev/MicroscopyData/Melissa/2019/20190807/63x_exports/20190807_M01_001_Capture 1 - Capture 1 - B3 [144] Montage - 21_C0.tif
94,/allen/aics/assay-dev/MicroscopyData/Melissa/2019/20190807/63x_exports/20190807_M01_001_Capture 1 - Capture 1 - B4 [144] Montage - 20_C0.tif
95,/allen/aics/assay-dev/MicroscopyData/Melissa/2019/20190807/63x_exports/20190807_M01_001_Capture 1 - Capture 1 - B2 [144] Montage - 12_C0.tif
96,/allen/aics/assay-dev/MicroscopyData/Melissa/2019/20190807/63x_exports/20190807_M01_002_Capture 1 - Capture 1 - C2 [144] Montage - 3_C0.tif
97,/allen/aics/assay-dev/MicroscopyData/Melissa/2019/20190807/63x_exports/20190807_M01_001_Capture 1 - Capture 1 - B5 [144] Montage - 5_C0.tif
98,/allen/aics/assay-dev/MicroscopyData/Melissa/2019/20190807/63x_exports/20190807_M01_002_Capture 1 - Capture 1 - C5 [144] Montage - 28_C0.tif
99,/allen/aics/assay-dev/MicroscopyData/Melissa/2019/20190807/63x_exports/20190807_M01_001_Capture 1 - Capture 1 - B2 [144] Montage - 6_C0.tif
100,/allen/aics/assay-dev/MicroscopyData/Melissa/2019/20190807/63x_exports/20190807_M01_002_Capture 1 - Capture 1 - C2 [144] Montage - 21_C0.tif
101,/allen/aics/assay-dev/MicroscopyData/Melissa/2019/20190807/63x_exports/20190807_M01_002_Capture 1 - Capture 1 - C5 [144] Montage - 29_C0.tif
102,/allen/aics/assay-dev/MicroscopyData/Melissa/2019/20190807/63x_exports/20190807_M01_001_Capture 1 - Capture 1 - B3 [144] Montage - 24_C0.tif
103,/allen/aics/assay-dev/MicroscopyData/Melissa/2019/20190807/63x_exports/20190807_M01_001_Capture 1 - Capture 1 - B4 [144] Montage - 19_C0.tif
104,/allen/aics/assay-dev/MicroscopyData/Melissa/2019/20190807/63x_exports/20190807_M01_002_Capture 1 - Capture 1 - C3 [144] Montage - 23_C0.tif
105,/allen/aics/assay-dev/MicroscopyData/Melissa/2019/20190807/63x_exports/20190807_M01_002_Capture 1 - Capture 1 - C5 [144] Montage - 9_C0.tif
106,/allen/aics/assay-dev/MicroscopyData/Melissa/2019/20190807/63x_exports/20190807_M01_002_Capture 1 - Capture 1 - C5 [144] Montage - 18_C0.tif
107,/allen/aics/assay-dev/MicroscopyData/Melissa/2019/20190807/63x_exports/20190807_M01_001_Capture 1 - Capture 1 - B3 [144] Montage - 17_C0.tif
108,/allen/aics/assay-dev/MicroscopyData/Melissa/2019/20190807/63x_exports/20190807_M01_001_Capture 1 - Capture 1 - B5 [144] Montage - 30_C0.tif
109,/allen/aics/assay-dev/MicroscopyData/Melissa/2019/20190807/63x_exports/20190807_M01_002_Capture 1 - Capture 1 - C4 [144] Montage - 29_C0.tif
110,/allen/aics/assay-dev/MicroscopyData/Melissa/2019/20190807/63x_exports/20190807_M01_002_Capture 1 - Capture 1 - C2 [144] Montage - 26_C0.tif
111,/allen/aics/assay-dev/MicroscopyData/Melissa/2019/20190807/63x_exports/20190807_M01_001_Capture 1 - Capture 1 - B3 [144] Montage - 29_C0.tif
112,/allen/aics/assay-dev/MicroscopyData/Melissa/2019/20190807/63x_exports/20190807_M01_002_Capture 1 - Capture 1 - C3 [144] Montage - 7_C0.tif
113,/allen/aics/assay-dev/MicroscopyData/Melissa/2019/20190807/63x_exports/20190807_M01_002_Capture 1 - Capture 1 - C5 [144] Montage - 24_C0.tif
114,/allen/aics/assay-dev/MicroscopyData/Melissa/2019/20190807/63x_exports/20190807_M01_001_Capture 1 - Capture 1 - B2 [144] Montage - 18_C0.tif
115,/allen/aics/assay-dev/MicroscopyData/Melissa/2019/20190807/63x_exports/20190807_M01_001_Capture 1 - Capture 1 - B5 [144] Montage - 12_C0.tif
116,/allen/aics/assay-dev/MicroscopyData/Melissa/2019/20190807/63x_exports/20190807_M01_002_Capture 1 - Capture 1 - C3 [144] Montage - 30_C0.tif
117,/allen/aics/assay-dev/MicroscopyData/Melissa/2019/20190807/63x_exports/20190807_M01_001_Capture 1 - Capture 1 - B4 [144] Montage - 4_C0.tif
118,/allen/aics/assay-dev/MicroscopyData/Melissa/2019/20190807/63x_exports/20190807_M01_002_Capture 1 - Capture 1 - C5 [144] Montage - 13_C0.tif
119,/allen/aics/assay-dev/MicroscopyData/Melissa/2019/20190807/63x_exports/20190807_M01_001_Capture 1 - Capture 1 - B5 [144] Montage - 26_C0.tif
120,/allen/aics/assay-dev/MicroscopyData/Melissa/2019/20190807/63x_exports/20190807_M01_001_Capture 1 - Capture 1 - B2 [144] Montage - 14_C0.tif
121,/allen/aics/assay-dev/MicroscopyData/Melissa/2019/20190807/63x_exports/20190807_M01_001_Capture 1 - Capture 1 - B2 [144] Montage - 1_C0.tif
122,/allen/aics/assay-dev/MicroscopyData/Melissa/2019/20190807/63x_exports/20190807_M01_001_Capture 1 - Capture 1 - B5 [144] Montage - 21_C0.tif
123,/allen/aics/assay-dev/MicroscopyData/Melissa/2019/20190807/63x_exports/20190807_M01_002_Capture 1 - Capture 1 - C5 [144] Montage - 7_C0.tif
124,/allen/aics/assay-dev/MicroscopyData/Melissa/2019/20190807/63x_exports/20190807_M01_001_Capture 1 - Capture 1 - B5 [144] Montage - 17_C0.tif
125,/allen/aics/assay-dev/MicroscopyData/Melissa/2019/20190807/63x_exports/20190807_M01_002_Capture 1 - Capture 1 - C2 [144] Montage - 1_C0.tif
126,/allen/aics/assay-dev/MicroscopyData/Melissa/2019/20190807/63x_exports/20190807_M01_002_Capture 1 - Capture 1 - C3 [144] Montage - 13_C0.tif
127,/allen/aics/assay-dev/MicroscopyData/Melissa/2019/20190807/63x_exports/20190807_M01_001_Capture 1 - Capture 1 - B3 [144] Montage - 11_C0.tif
128,/allen/aics/assay-dev/MicroscopyData/Melissa/2019/20190807/63x_exports/20190807_M01_001_Capture 1 - Capture 1 - B4 [144] Montage - 13_C0.tif
129,/allen/aics/assay-dev/MicroscopyData/Melissa/2019/20190807/63x_exports/20190807_M01_002_Capture 1 - Capture 1 - C4 [144] Montage - 11_C0.tif
130,/allen/aics/assay-dev/MicroscopyData/Melissa/2019/20190807/63x_exports/20190807_M01_001_Capture 1 - Capture 1 - B5 [144] Montage - 10_C0.tif
131,/allen/aics/assay-dev/MicroscopyData/Melissa/2019/20190807/63x_exports/20190807_M01_001_Capture 1 - Capture 1 - B4 [144] Montage - 9_C0.tif
132,/allen/aics/assay-dev/MicroscopyData/Melissa/2019/20190807/63x_exports/20190807_M01_002_Capture 1 - Capture 1 - C4 [144] Montage - 27_C0.tif
133,/allen/aics/assay-dev/MicroscopyData/Melissa/2019/20190807/63x_exports/20190807_M01_001_Capture 1 - Capture 1 - B3 [144] Montage - 22_C0.tif
135,/allen/aics/assay-dev/MicroscopyData/Melissa/2019/20190807/63x_exports/20190807_M01_001_Capture 1 - Capture 1 - B2 [144] Montage - 26_C0.tif
136,/allen/aics/assay-dev/MicroscopyData/Melissa/2019/20190807/63x_exports/20190807_M01_002_Capture 1 - Capture 1 - C5 [144] Montage - 17_C0.tif
137,/allen/aics/assay-dev/MicroscopyData/Melissa/2019/20190807/63x_exports/20190807_M01_001_Capture 1 - Capture 1 - B4 [144] Montage - 8_C0.tif
138,/allen/aics/assay-dev/MicroscopyData/Melissa/2019/20190807/63x_exports/20190807_M01_001_Capture 1 - Capture 1 - B4 [144] Montage - 15_C0.tif
139,/allen/aics/assay-dev/MicroscopyData/Melissa/2019/20190807/63x_exports/20190807_M01_002_Capture 1 - Capture 1 - C3 [144] Montage - 22_C0.tif
140,/allen/aics/assay-dev/MicroscopyData/Melissa/2019/20190807/63x_exports/20190807_M01_002_Capture 1 - Capture 1 - C4 [144] Montage - 15_C0.tif
141,/allen/aics/assay-dev/MicroscopyData/Melissa/2019/20190807/63x_exports/20190807_M01_001_Capture 1 - Capture 1 - B3 [144] Montage - 2_C0.tif
142,/allen/aics/assay-dev/MicroscopyData/Melissa/2019/20190807/63x_exports/20190807_M01_001_Capture 1 - Capture 1 - B5 [144] Montage - 15_C0.tif
143,/allen/aics/assay-dev/MicroscopyData/Melissa/2019/20190807/63x_exports/20190807_M01_002_Capture 1 - Capture 1 - C3 [144] Montage - 19_C0.tif
144,/allen/aics/assay-dev/MicroscopyData/Melissa/2019/20190807/63x_exports/20190807_M01_001_Capture 1 - Capture 1 - B2 [144] Montage - 23_C0.tif
145,/allen/aics/assay-dev/MicroscopyData/Melissa/2019/20190807/63x_exports/20190807_M01_001_Capture 1 - Capture 1 - B3 [144] Montage - 5_C0.tif
146,/allen/aics/assay-dev/MicroscopyData/Melissa/2019/20190807/63x_exports/20190807_M01_002_Capture 1 - Capture 1 - C4 [144] Montage - 17_C0.tif
147,/allen/aics/assay-dev/MicroscopyData/Melissa/2019/20190807/63x_exports/20190807_M01_002_Capture 1 - Capture 1 - C4 [144] Montage - 22_C0.tif
148,/allen/aics/assay-dev/MicroscopyData/Melissa/2019/20190807/63x_exports/20190807_M01_001_Capture 1 - Capture 1 - B5 [144] Montage - 4_C0.tif
149,/allen/aics/assay-dev/MicroscopyData/Melissa/2019/20190807/63x_exports/20190807_M01_002_Capture 1 - Capture 1 - C4 [144] Montage - 18_C0.tif
150,/allen/aics/assay-dev/MicroscopyData/Melissa/2019/20190807/63x_exports/20190807_M01_001_Capture 1 - Capture 1 - B5 [144] Montage - 13_C0.tif
151,/allen/aics/assay-dev/MicroscopyData/Melissa/2019/20190807/63x_exports/20190807_M01_001_Capture 1 - Capture 1 - B2 [144] Montage - 2_C0.tif
152,/allen/aics/assay-dev/MicroscopyData/Melissa/2019/20190807/63x_exports/20190807_M01_001_Capture 1 - Capture 1 - B5 [144] Montage - 20_C0.tif
153,/allen/aics/assay-dev/MicroscopyData/Melissa/2019/20190807/63x_exports/20190807_M01_002_Capture 1 - Capture 1 - C4 [144] Montage - 6_C0.tif
154,/allen/aics/assay-dev/MicroscopyData/Melissa/2019/20190807/63x_exports/20190807_M01_001_Capture 1 - Capture 1 - B4 [144] Montage - 26_C0.tif
155,/allen/aics/assay-dev/MicroscopyData/Melissa/2019/20190807/63x_exports/20190807_M01_002_Capture 1 - Capture 1 - C2 [144] Montage - 29_C0.tif
156,/allen/aics/assay-dev/MicroscopyData/Melissa/2019/20190807/63x_exports/20190807_M01_002_Capture 1 - Capture 1 - C4 [144] Montage - 7_C0.tif
157,/allen/aics/assay-dev/MicroscopyData/Melissa/2019/20190807/63x_exports/20190807_M01_001_Capture 1 - Capture 1 - B3 [144] Montage - 13_C0.tif
158,/allen/aics/assay-dev/MicroscopyData/Melissa/2019/20190807/63x_exports/20190807_M01_002_Capture 1 - Capture 1 - C4 [144] Montage - 30_C0.tif
159,/allen/aics/assay-dev/MicroscopyData/Melissa/2019/20190807/63x_exports/20190807_M01_001_Capture 1 - Capture 1 - B3 [144] Montage - 10_C0.tif
160,/allen/aics/assay-dev/MicroscopyData/Melissa/2019/20190807/63x_exports/20190807_M01_001_Capture 1 - Capture 1 - B3 [144] Montage - 30_C0.tif
161,/allen/aics/assay-dev/MicroscopyData/Melissa/2019/20190807/63x_exports/20190807_M01_002_Capture 1 - Capture 1 - C2 [144] Montage - 6_C0.tif
162,/allen/aics/assay-dev/MicroscopyData/Melissa/2019/20190807/63x_exports/20190807_M01_002_Capture 1 - Capture 1 - C2 [144] Montage - 20_C0.tif
163,/allen/aics/assay-dev/MicroscopyData/Melissa/2019/20190807/63x_exports/20190807_M01_001_Capture 1 - Capture 1 - B2 [144] Montage - 27_C0.tif
164,/allen/aics/assay-dev/MicroscopyData/Melissa/2019/20190807/63x_exports/20190807_M01_002_Capture 1 - Capture 1 - C5 [144] Montage - 10_C0.tif
165,/allen/aics/assay-dev/MicroscopyData/Melissa/2019/20190807/63x_exports/20190807_M01_001_Capture 1 - Capture 1 - B5 [144] Montage - 19_C0.tif
166,/allen/aics/assay-dev/MicroscopyData/Melissa/2019/20190807/63x_exports/20190807_M01_001_Capture 1 - Capture 1 - B5 [144] Montage - 1_C0.tif
167,/allen/aics/assay-dev/MicroscopyData/Melissa/2019/20190807/63x_exports/20190807_M01_002_Capture 1 - Capture 1 - C5 [144] Montage - 3_C0.tif
168,/allen/aics/assay-dev/MicroscopyData/Melissa/2019/20190807/63x_exports/20190807_M01_002_Capture 1 - Capture 1 - C2 [144] Montage - 11_C0.tif
169,/allen/aics/assay-dev/MicroscopyData/Melissa/2019/20190807/63x_exports/20190807_M01_002_Capture 1 - Capture 1 - C3 [144] Montage - 29_C0.tif
170,/allen/aics/assay-dev/MicroscopyData/Melissa/2019/20190807/63x_exports/20190807_M01_002_Capture 1 - Capture 1 - C3 [144] Montage - 3_C0.tif
171,/allen/aics/assay-dev/MicroscopyData/Melissa/2019/20190807/63x_exports/20190807_M01_002_Capture 1 - Capture 1 - C4 [144] Montage - 8_C0.tif
172,/allen/aics/assay-dev/MicroscopyData/Melissa/2019/20190807/63x_exports/20190807_M01_002_Capture 1 - Capture 1 - C5 [144] Montage - 15_C0.tif
173,/allen/aics/assay-dev/MicroscopyData/Melissa/2019/20190807/63x_exports/20190807_M01_002_Capture 1 - Capture 1 - C2 [144] Montage - 22_C0.tif
174,/allen/aics/assay-dev/MicroscopyData/Melissa/2019/20190807/63x_exports/20190807_M01_002_Capture 1 - Capture 1 - C5 [144] Montage - 16_C0.tif
175,/allen/aics/assay-dev/MicroscopyData/Melissa/2019/20190807/63x_exports/20190807_M01_002_Capture 1 - Capture 1 - C4 [144] Montage - 1_C0.tif
176,/allen/aics/assay-dev/MicroscopyData/Melissa/2019/20190807/63x_exports/20190807_M01_002_Capture 1 - Capture 1 - C3 [144] Montage - 9_C0.tif
177,/allen/aics/assay-dev/MicroscopyData/Melissa/2019/20190807/63x_exports/20190807_M01_001_Capture 1 - Capture 1 - B2 [144] Montage - 8_C0.tif
178,/allen/aics/assay-dev/MicroscopyData/Melissa/2019/20190807/63x_exports/20190807_M01_002_Capture 1 - Capture 1 - C3 [144] Montage - 12_C0.tif
179,/allen/aics/assay-dev/MicroscopyData/Melissa/2019/20190807/63x_exports/20190807_M01_002_Capture 1 - Capture 1 - C4 [144] Montage - 4_C0.tif
180,/allen/aics/assay-dev/MicroscopyData/Melissa/2019/20190807/63x_exports/20190807_M01_001_Capture 1 - Capture 1 - B2 [144] Montage - 22_C0.tif
181,/allen/aics/assay-dev/MicroscopyData/Melissa/2019/20190807/63x_exports/20190807_M01_001_Capture 1 - Capture 1 - B3 [144] Montage - 9_C0.tif
182,/allen/aics/assay-dev/MicroscopyData/Melissa/2019/20190807/63x_exports/20190807_M01_001_Capture 1 - Capture 1 - B5 [144] Montage - 24_C0.tif
183,/allen/aics/assay-dev/MicroscopyData/Melissa/2019/20190807/63x_exports/20190807_M01_001_Capture 1 - Capture 1 - B4 [144] Montage - 18_C0.tif
184,/allen/aics/assay-dev/MicroscopyData/Melissa/2019/20190807/63x_exports/20190807_M01_001_Capture 1 - Capture 1 - B3 [144] Montage - 16_C0.tif
185,/allen/aics/assay-dev/MicroscopyData/Melissa/2019/20190807/63x_exports/20190807_M01_001_Capture 1 - Capture 1 - B4 [144] Montage - 5_C0.tif
186,/allen/aics/assay-dev/MicroscopyData/Melissa/2019/20190807/63x_exports/20190807_M01_002_Capture 1 - Capture 1 - C3 [144] Montage - 20_C0.tif
187,/allen/aics/assay-dev/MicroscopyData/Melissa/2019/20190807/63x_exports/20190807_M01_002_Capture 1 - Capture 1 - C2 [144] Montage - 2_C0.tif
188,/allen/aics/assay-dev/MicroscopyData/Melissa/2019/20190807/63x_exports/20190807_M01_002_Capture 1 - Capture 1 - C4 [144] Montage - 2_C0.tif
189,/allen/aics/assay-dev/MicroscopyData/Melissa/2019/20190807/63x_exports/20190807_M01_002_Capture 1 - Capture 1 - C2 [144] Montage - 14_C0.tif
190,/allen/aics/assay-dev/MicroscopyData/Melissa/2019/20190807/63x_exports/20190807_M01_002_Capture 1 - Capture 1 - C2 [144] Montage - 24_C0.tif
191,/allen/aics/assay-dev/MicroscopyData/Melissa/2019/20190807/63x_exports/20190807_M01_001_Capture 1 - Capture 1 - B2 [144] Montage - 21_C0.tif
192,/allen/aics/assay-dev/MicroscopyData/Melissa/2019/20190807/63x_exports/20190807_M01_001_Capture 1 - Capture 1 - B3 [144] Montage - 15_C0.tif
193,/allen/aics/assay-dev/MicroscopyData/Melissa/2019/20190807/63x_exports/20190807_M01_001_Capture 1 - Capture 1 - B4 [144] Montage - 2_C0.tif
194,/allen/aics/assay-dev/MicroscopyData/Melissa/2019/20190807/63x_exports/20190807_M01_002_Capture 1 - Capture 1 - C5 [144] Montage - 12_C0.tif
195,/allen/aics/assay-dev/MicroscopyData/Melissa/2019/20190807/63x_exports/20190807_M01_001_Capture 1 - Capture 1 - B2 [144] Montage - 11_C0.tif
196,/allen/aics/assay-dev/MicroscopyData/Melissa/2019/20190807/63x_exports/20190807_M01_001_Capture 1 - Capture 1 - B3 [144] Montage - 27_C0.tif
197,/allen/aics/assay-dev/MicroscopyData/Melissa/2019/20190807/63x_exports/20190807_M01_001_Capture 1 - Capture 1 - B4 [144] Montage - 14_C0.tif
198,/allen/aics/assay-dev/MicroscopyData/Melissa/2019/20190807/63x_exports/20190807_M01_002_Capture 1 - Capture 1 - C4 [144] Montage - 16_C0.tif
199,/allen/aics/assay-dev/MicroscopyData/Melissa/2019/20190807/63x_exports/20190807_M01_002_Capture 1 - Capture 1 - C3 [144] Montage - 16_C0.tif
200,/allen/aics/assay-dev/MicroscopyData/Melissa/2019/20190807/63x_exports/20190807_M01_002_Capture 1 - Capture 1 - C5 [144] Montage - 27_C0.tif
201,/allen/aics/assay-dev/MicroscopyData/Melissa/2019/20190807/63x_exports/20190807_M01_002_Capture 1 - Capture 1 - C4 [144] Montage - 3_C0.tif
202,/allen/aics/assay-dev/MicroscopyData/Melissa/2019/20190807/63x_exports/20190807_M01_001_Capture 1 - Capture 1 - B4 [144] Montage - 16_C0.tif
203,/allen/aics/assay-dev/MicroscopyData/Melissa/2019/20190807/63x_exports/20190807_M01_002_Capture 1 - Capture 1 - C3 [144] Montage - 27_C0.tif
204,/allen/aics/assay-dev/MicroscopyData/Melissa/2019/20190807/63x_exports/20190807_M01_001_Capture 1 - Capture 1 - B4 [144] Montage - 25_C0.tif
205,/allen/aics/assay-dev/MicroscopyData/Melissa/2019/20190807/63x_exports/20190807_M01_002_Capture 1 - Capture 1 - C4 [144] Montage - 23_C0.tif
206,/allen/aics/assay-dev/MicroscopyData/Melissa/2019/20190807/63x_exports/20190807_M01_001_Capture 1 - Capture 1 - B3 [144] Montage - 20_C0.tif
207,/allen/aics/assay-dev/MicroscopyData/Melissa/2019/20190807/63x_exports/20190807_M01_002_Capture 1 - Capture 1 - C2 [144] Montage - 5_C0.tif
208,/allen/aics/assay-dev/MicroscopyData/Melissa/2019/20190807/63x_exports/20190807_M01_002_Capture 1 - Capture 1 - C3 [144] Montage - 21_C0.tif
209,/allen/aics/assay-dev/MicroscopyData/Melissa/2019/20190807/63x_exports/20190807_M01_001_Capture 1 - Capture 1 - B3 [144] Montage - 8_C0.tif
210,/allen/aics/assay-dev/MicroscopyData/Melissa/2019/20190807/63x_exports/20190807_M01_001_Capture 1 - Capture 1 - B2 [144] Montage - 30_C0.tif
211,/allen/aics/assay-dev/MicroscopyData/Melissa/2019/20190807/63x_exports/20190807_M01_002_Capture 1 - Capture 1 - C2 [144] Montage - 7_C0.tif
212,/allen/aics/assay-dev/MicroscopyData/Melissa/2019/20190807/63x_exports/20190807_M01_001_Capture 1 - Capture 1 - B4 [144] Montage - 21_C0.tif
213,/allen/aics/assay-dev/MicroscopyData/Melissa/2019/20190807/63x_exports/20190807_M01_001_Capture 1 - Capture 1 - B3 [144] Montage - 18_C0.tif
214,/allen/aics/assay-dev/MicroscopyData/Melissa/2019/20190807/63x_exports/20190807_M01_001_Capture 1 - Capture 1 - B2 [144] Montage - 25_C0.tif
215,/allen/aics/assay-dev/MicroscopyData/Melissa/2019/20190807/63x_exports/20190807_M01_001_Capture 1 - Capture 1 - B4 [144] Montage - 23_C0.tif
216,/allen/aics/assay-dev/MicroscopyData/Melissa/2019/20190807/63x_exports/20190807_M01_001_Capture 1 - Capture 1 - B4 [144] Montage - 17_C0.tif
217,/allen/aics/assay-dev/MicroscopyData/Melissa/2019/20190807/63x_exports/20190807_M01_001_Capture 1 - Capture 1 - B5 [144] Montage - 9_C0.tif
218,/allen/aics/assay-dev/MicroscopyData/Melissa/2019/20190807/63x_exports/20190807_M01_002_Capture 1 - Capture 1 - C3 [144] Montage - 10_C0.tif
219,/allen/aics/assay-dev/MicroscopyData/Melissa/2019/20190807/63x_exports/20190807_M01_002_Capture 1 - Capture 1 - C5 [144] Montage - 25_C0.tif
220,/allen/aics/assay-dev/MicroscopyData/Melissa/2019/20190807/63x_exports/20190807_M01_001_Capture 1 - Capture 1 - B5 [144] Montage - 18_C0.tif
221,/allen/aics/assay-dev/MicroscopyData/Melissa/2019/20190807/63x_exports/20190807_M01_001_Capture 1 - Capture 1 - B2 [144] Montage - 10_C0.tif
222,/allen/aics/assay-dev/MicroscopyData/Melissa/2019/20190807/63x_exports/20190807_M01_002_Capture 1 - Capture 1 - C3 [144] Montage - 15_C0.tif
223,/allen/aics/assay-dev/MicroscopyData/Melissa/2019/20190807/63x_exports/20190807_M01_001_Capture 1 - Capture 1 - B2 [144] Montage - 17_C0.tif
224,/allen/aics/assay-dev/MicroscopyData/Melissa/2019/20190807/63x_exports/20190807_M01_002_Capture 1 - Capture 1 - C5 [144] Montage - 26_C0.tif
225,/allen/aics/assay-dev/MicroscopyData/Melissa/2019/20190807/63x_exports/20190807_M01_002_Capture 1 - Capture 1 - C4 [144] Montage - 26_C0.tif
226,/allen/aics/assay-dev/MicroscopyData/Melissa/2019/20190807/63x_exports/20190807_M01_002_Capture 1 - Capture 1 - C5 [144] Montage - 14_C0.tif
227,/allen/aics/assay-dev/MicroscopyData/Melissa/2019/20190807/63x_exports/20190807_M01_002_Capture 1 - Capture 1 - C2 [144] Montage - 13_C0.tif
228,/allen/aics/assay-dev/MicroscopyData/Melissa/2019/20190807/63x_exports/20190807_M01_001_Capture 1 - Capture 1 - B3 [144] Montage - 26_C0.tif
229,/allen/aics/assay-dev/MicroscopyData/Melissa/2019/20190807/63x_exports/20190807_M01_002_Capture 1 - Capture 1 - C3 [144] Montage - 14_C0.tif
230,/allen/aics/assay-dev/MicroscopyData/Melissa/2019/20190807/63x_exports/20190807_M01_002_Capture 1 - Capture 1 - C4 [144] Montage - 25_C0.tif
231,/allen/aics/assay-dev/MicroscopyData/Melissa/2019/20190807/63x_exports/20190807_M01_001_Capture 1 - Capture 1 - B5 [144] Montage - 7_C0.tif
232,/allen/aics/assay-dev/MicroscopyData/Melissa/2019/20190807/63x_exports/20190807_M01_002_Capture 1 - Capture 1 - C5 [144] Montage - 21_C0.tif
233,/allen/aics/assay-dev/MicroscopyData/Melissa/2019/20190807/63x_exports/20190807_M01_002_Capture 1 - Capture 1 - C4 [144] Montage - 21_C0.tif
234,/allen/aics/assay-dev/MicroscopyData/Melissa/2019/20190807/63x_exports/20190807_M01_002_Capture 1 - Capture 1 - C3 [144] Montage - 1_C0.tif
235,/allen/aics/assay-dev/MicroscopyData/Melissa/2019/20190807/63x_exports/20190807_M01_001_Capture 1 - Capture 1 - B2 [144] Montage - 16_C0.tif
236,/allen/aics/assay-dev/MicroscopyData/Melissa/2019/20190807/63x_exports/20190807_M01_002_Capture 1 - Capture 1 - C2 [144] Montage - 4_C0.tif
237,/allen/aics/assay-dev/MicroscopyData/Melissa/2019/20190807/63x_exports/20190807_M01_002_Capture 1 - Capture 1 - C2 [144] Montage - 9_C0.tif
238,/allen/aics/assay-dev/MicroscopyData/Melissa/2019/20190807/63x_exports/20190807_M01_001_Capture 1 - Capture 1 - B2 [144] Montage - 28_C0.tif
239,/allen/aics/assay-dev/MicroscopyData/Melissa/2019/20190807/63x_exports/20190807_M01_001_Capture 1 - Capture 1 - B2 [144] Montage - 7_C0.tif
240,/allen/aics/assay-dev/MicroscopyData/Melissa/2019/20190807/63x_exports/20190807_M01_001_Capture 1 - Capture 1 - B3 [144] Montage - 1_C0.tif
241,/allen/aics/assay-dev/MicroscopyData/Melissa/2019/20190816/63x_exports/20190816_M02_001_Capture 3 - Capture 3 - B3 [144] Montage - 15_C0.tif
242,/allen/aics/assay-dev/MicroscopyData/Melissa/2019/20190816/63x_exports/20190816_M02_001_Capture 3 - Capture 3 - B3 [144] Montage - 21_C0.tif
243,/allen/aics/assay-dev/MicroscopyData/Melissa/2019/20190816/63x_exports/20190816_M02_002_Capture 1 - Capture 3 - C5 [144] Montage - 8_C0.tif
244,/allen/aics/assay-dev/MicroscopyData/Melissa/2019/20190816/63x_exports/20190816_M02_002_Capture 1 - Capture 3 - C5 [144] Montage - 30_C0.tif
245,/allen/aics/assay-dev/MicroscopyData/Melissa/2019/20190816/63x_exports/20190816_M02_002_Capture 1 - Capture 3 - C2 [144] Montage - 27_C0.tif
246,/allen/aics/assay-dev/MicroscopyData/Melissa/2019/20190816/63x_exports/20190816_M02_001_Capture 3 - Capture 3 - B5 [144] Montage - 29_C0.tif
247,/allen/aics/assay-dev/MicroscopyData/Melissa/2019/20190816/63x_exports/20190816_M02_001_Capture 3 - Capture 3 - B3 [144] Montage - 12_C0.tif
248,/allen/aics/assay-dev/MicroscopyData/Melissa/2019/20190816/63x_exports/20190816_M02_001_Capture 3 - Capture 3 - B2 [144] Montage - 21_C0.tif
249,/allen/aics/assay-dev/MicroscopyData/Melissa/2019/20190816/63x_exports/20190816_M02_001_Capture 3 - Capture 3 - B4 [144] Montage - 7_C0.tif
250,/allen/aics/assay-dev/MicroscopyData/Melissa/2019/20190816/63x_exports/20190816_M02_001_Capture 3 - Capture 3 - B3 [144] Montage - 10_C0.tif
251,/allen/aics/assay-dev/MicroscopyData/Melissa/2019/20190816/63x_exports/20190816_M02_002_Capture 1 - Capture 3 - C4 [144] Montage - 23_C0.tif
252,/allen/aics/assay-dev/MicroscopyData/Melissa/2019/20190816/63x_exports/20190816_M02_002_Capture 1 - Capture 3 - C2 [144] Montage - 7_C0.tif
253,/allen/aics/assay-dev/MicroscopyData/Melissa/2019/20190816/63x_exports/20190816_M02_002_Capture 1 - Capture 3 - C3 [144] Montage - 14_C0.tif
254,/allen/aics/assay-dev/MicroscopyData/Melissa/2019/20190816/63x_exports/20190816_M02_001_Capture 3 - Capture 3 - B3 [144] Montage - 17_C0.tif
255,/allen/aics/assay-dev/MicroscopyData/Melissa/2019/20190816/63x_exports/20190816_M02_002_Capture 1 - Capture 3 - C2 [144] Montage - 1_C0.tif
256,/allen/aics/assay-dev/MicroscopyData/Melissa/2019/20190816/63x_exports/20190816_M02_002_Capture 1 - Capture 3 - C5 [144] Montage - 7_C0.tif
257,/allen/aics/assay-dev/MicroscopyData/Melissa/2019/20190816/63x_exports/20190816_M02_001_Capture 3 - Capture 3 - B2 [144] Montage - 29_C0.tif
258,/allen/aics/assay-dev/MicroscopyData/Melissa/2019/20190816/63x_exports/20190816_M02_001_Capture 3 - Capture 3 - B3 [144] Montage - 27_C0.tif
259,/allen/aics/assay-dev/MicroscopyData/Melissa/2019/20190816/63x_exports/20190816_M02_002_Capture 1 - Capture 3 - C2 [144] Montage - 25_C0.tif
260,/allen/aics/assay-dev/MicroscopyData/Melissa/2019/20190816/63x_exports/20190816_M02_001_Capture 3 - Capture 3 - B5 [144] Montage - 14_C0.tif
261,/allen/aics/assay-dev/MicroscopyData/Melissa/2019/20190816/63x_exports/20190816_M02_001_Capture 3 - Capture 3 - B5 [144] Montage - 15_C0.tif
262,/allen/aics/assay-dev/MicroscopyData/Melissa/2019/20190816/63x_exports/20190816_M02_001_Capture 3 - Capture 3 - B5 [144] Montage - 30_C0.tif
263,/allen/aics/assay-dev/MicroscopyData/Melissa/2019/20190816/63x_exports/20190816_M02_002_Capture 1 - Capture 3 - C3 [144] Montage - 10_C0.tif
264,/allen/aics/assay-dev/MicroscopyData/Melissa/2019/20190816/63x_exports/20190816_M02_002_Capture 1 - Capture 3 - C5 [144] Montage - 19_C0.tif
265,/allen/aics/assay-dev/MicroscopyData/Melissa/2019/20190816/63x_exports/20190816_M02_002_Capture 1 - Capture 3 - C3 [144] Montage - 8_C0.tif
266,/allen/aics/assay-dev/MicroscopyData/Melissa/2019/20190816/63x_exports/20190816_M02_001_Capture 3 - Capture 3 - B5 [144] Montage - 9_C0.tif
267,/allen/aics/assay-dev/MicroscopyData/Melissa/2019/20190816/63x_exports/20190816_M02_001_Capture 3 - Capture 3 - B5 [144] Montage - 22_C0.tif
268,/allen/aics/assay-dev/MicroscopyData/Melissa/2019/20190816/63x_exports/20190816_M02_002_Capture 1 - Capture 3 - C5 [144] Montage - 15_C0.tif
269,/allen/aics/assay-dev/MicroscopyData/Melissa/2019/20190816/63x_exports/20190816_M02_001_Capture 3 - Capture 3 - B2 [144] Montage - 9_C0.tif
270,/allen/aics/assay-dev/MicroscopyData/Melissa/2019/20190816/63x_exports/20190816_M02_002_Capture 1 - Capture 3 - C4 [144] Montage - 6_C0.tif
271,/allen/aics/assay-dev/MicroscopyData/Melissa/2019/20190816/63x_exports/20190816_M02_001_Capture 3 - Capture 3 - B4 [144] Montage - 21_C0.tif
272,/allen/aics/assay-dev/MicroscopyData/Melissa/2019/20190816/63x_exports/20190816_M02_002_Capture 1 - Capture 3 - C2 [144] Montage - 26_C0.tif
273,/allen/aics/assay-dev/MicroscopyData/Melissa/2019/20190816/63x_exports/20190816_M02_001_Capture 3 - Capture 3 - B3 [144] Montage - 29_C0.tif
274,/allen/aics/assay-dev/MicroscopyData/Melissa/2019/20190816/63x_exports/20190816_M02_002_Capture 1 - Capture 3 - C2 [144] Montage - 12_C0.tif
275,/allen/aics/assay-dev/MicroscopyData/Melissa/2019/20190816/63x_exports/20190816_M02_001_Capture 3 - Capture 3 - B2 [144] Montage - 2_C0.tif
276,/allen/aics/assay-dev/MicroscopyData/Melissa/2019/20190816/63x_exports/20190816_M02_001_Capture 3 - Capture 3 - B2 [144] Montage - 23_C0.tif
277,/allen/aics/assay-dev/MicroscopyData/Melissa/2019/20190816/63x_exports/20190816_M02_002_Capture 1 - Capture 3 - C2 [144] Montage - 10_C0.tif
278,/allen/aics/assay-dev/MicroscopyData/Melissa/2019/20190816/63x_exports/20190816_M02_001_Capture 3 - Capture 3 - B3 [144] Montage - 24_C0.tif
279,/allen/aics/assay-dev/MicroscopyData/Melissa/2019/20190816/63x_exports/20190816_M02_002_Capture 1 - Capture 3 - C4 [144] Montage - 1_C0.tif
280,/allen/aics/assay-dev/MicroscopyData/Melissa/2019/20190816/63x_exports/20190816_M02_002_Capture 1 - Capture 3 - C3 [144] Montage - 23_C0.tif
281,/allen/aics/assay-dev/MicroscopyData/Melissa/2019/20190816/63x_exports/20190816_M02_001_Capture 3 - Capture 3 - B4 [144] Montage - 13_C0.tif
282,/allen/aics/assay-dev/MicroscopyData/Melissa/2019/20190816/63x_exports/20190816_M02_002_Capture 1 - Capture 3 - C5 [144] Montage - 6_C0.tif
283,/allen/aics/assay-dev/MicroscopyData/Melissa/2019/20190816/63x_exports/20190816_M02_001_Capture 3 - Capture 3 - B2 [144] Montage - 28_C0.tif
284,/allen/aics/assay-dev/MicroscopyData/Melissa/2019/20190816/63x_exports/20190816_M02_002_Capture 1 - Capture 3 - C2 [144] Montage - 13_C0.tif
285,/allen/aics/assay-dev/MicroscopyData/Melissa/2019/20190816/63x_exports/20190816_M02_001_Capture 3 - Capture 3 - B5 [144] Montage - 25_C0.tif
286,/allen/aics/assay-dev/MicroscopyData/Melissa/2019/20190816/63x_exports/20190816_M02_001_Capture 3 - Capture 3 - B4 [144] Montage - 15_C0.tif
287,/allen/aics/assay-dev/MicroscopyData/Melissa/2019/20190816/63x_exports/20190816_M02_001_Capture 3 - Capture 3 - B2 [144] Montage - 30_C0.tif
288,/allen/aics/assay-dev/MicroscopyData/Melissa/2019/20190816/63x_exports/20190816_M02_001_Capture 3 - Capture 3 - B3 [144] Montage - 9_C0.tif
289,/allen/aics/assay-dev/MicroscopyData/Melissa/2019/20190816/63x_exports/20190816_M02_001_Capture 3 - Capture 3 - B4 [144] Montage - 2_C0.tif
290,/allen/aics/assay-dev/MicroscopyData/Melissa/2019/20190816/63x_exports/20190816_M02_002_Capture 1 - Capture 3 - C4 [144] Montage - 29_C0.tif
291,/allen/aics/assay-dev/MicroscopyData/Melissa/2019/20190816/63x_exports/20190816_M02_001_Capture 3 - Capture 3 - B3 [144] Montage - 23_C0.tif
292,/allen/aics/assay-dev/MicroscopyData/Melissa/2019/20190816/63x_exports/20190816_M02_002_Capture 1 - Capture 3 - C3 [144] Montage - 13_C0.tif
293,/allen/aics/assay-dev/MicroscopyData/Melissa/2019/20190816/63x_exports/20190816_M02_002_Capture 1 - Capture 3 - C4 [144] Montage - 9_C0.tif
294,/allen/aics/assay-dev/MicroscopyData/Melissa/2019/20190816/63x_exports/20190816_M02_002_Capture 1 - Capture 3 - C5 [144] Montage - 13_C0.tif
295,/allen/aics/assay-dev/MicroscopyData/Melissa/2019/20190816/63x_exports/20190816_M02_002_Capture 1 - Capture 3 - C5 [144] Montage - 3_C0.tif
296,/allen/aics/assay-dev/MicroscopyData/Melissa/2019/20190816/63x_exports/20190816_M02_001_Capture 3 - Capture 3 - B4 [144] Montage - 10_C0.tif
297,/allen/aics/assay-dev/MicroscopyData/Melissa/2019/20190816/63x_exports/20190816_M02_002_Capture 1 - Capture 3 - C3 [144] Montage - 25_C0.tif
298,/allen/aics/assay-dev/MicroscopyData/Melissa/2019/20190816/63x_exports/20190816_M02_001_Capture 3 - Capture 3 - B4 [144] Montage - 6_C0.tif
299,/allen/aics/assay-dev/MicroscopyData/Melissa/2019/20190816/63x_exports/20190816_M02_001_Capture 3 - Capture 3 - B4 [144] Montage - 28_C0.tif
300,/allen/aics/assay-dev/MicroscopyData/Melissa/2019/20190816/63x_exports/20190816_M02_002_Capture 1 - Capture 3 - C4 [144] Montage - 25_C0.tif
301,/allen/aics/assay-dev/MicroscopyData/Melissa/2019/20190816/63x_exports/20190816_M02_001_Capture 3 - Capture 3 - B5 [144] Montage - 11_C0.tif
302,/allen/aics/assay-dev/MicroscopyData/Melissa/2019/20190816/63x_exports/20190816_M02_002_Capture 1 - Capture 3 - C4 [144] Montage - 21_C0.tif
303,/allen/aics/assay-dev/MicroscopyData/Melissa/2019/20190816/63x_exports/20190816_M02_002_Capture 1 - Capture 3 - C5 [144] Montage - 20_C0.tif
304,/allen/aics/assay-dev/MicroscopyData/Melissa/2019/20190816/63x_exports/20190816_M02_001_Capture 3 - Capture 3 - B5 [144] Montage - 24_C0.tif
305,/allen/aics/assay-dev/MicroscopyData/Melissa/2019/20190816/63x_exports/20190816_M02_002_Capture 1 - Capture 3 - C4 [144] Montage - 22_C0.tif
306,/allen/aics/assay-dev/MicroscopyData/Melissa/2019/20190816/63x_exports/20190816_M02_002_Capture 1 - Capture 3 - C4 [144] Montage - 4_C0.tif
307,/allen/aics/assay-dev/MicroscopyData/Melissa/2019/20190816/63x_exports/20190816_M02_002_Capture 1 - Capture 3 - C2 [144] Montage - 15_C0.tif
308,/allen/aics/assay-dev/MicroscopyData/Melissa/2019/20190816/63x_exports/20190816_M02_002_Capture 1 - Capture 3 - C5 [144] Montage - 10_C0.tif
309,/allen/aics/assay-dev/MicroscopyData/Melissa/2019/20190816/63x_exports/20190816_M02_002_Capture 1 - Capture 3 - C5 [144] Montage - 12_C0.tif
310,/allen/aics/assay-dev/MicroscopyData/Melissa/2019/20190816/63x_exports/20190816_M02_001_Capture 3 - Capture 3 - B4 [144] Montage - 1_C0.tif
311,/allen/aics/assay-dev/MicroscopyData/Melissa/2019/20190816/63x_exports/20190816_M02_002_Capture 1 - Capture 3 - C4 [144] Montage - 28_C0.tif
312,/allen/aics/assay-dev/MicroscopyData/Melissa/2019/20190816/63x_exports/20190816_M02_002_Capture 1 - Capture 3 - C2 [144] Montage - 29_C0.tif
313,/allen/aics/assay-dev/MicroscopyData/Melissa/2019/20190816/63x_exports/20190816_M02_002_Capture 1 - Capture 3 - C4 [144] Montage - 7_C0.tif
314,/allen/aics/assay-dev/MicroscopyData/Melissa/2019/20190816/63x_exports/20190816_M02_002_Capture 1 - Capture 3 - C2 [144] Montage - 22_C0.tif
315,/allen/aics/assay-dev/MicroscopyData/Melissa/2019/20190816/63x_exports/20190816_M02_002_Capture 1 - Capture 3 - C5 [144] Montage - 16_C0.tif
316,/allen/aics/assay-dev/MicroscopyData/Melissa/2019/20190816/63x_exports/20190816_M02_001_Capture 3 - Capture 3 - B2 [144] Montage - 14_C0.tif
317,/allen/aics/assay-dev/MicroscopyData/Melissa/2019/20190816/63x_exports/20190816_M02_002_Capture 1 - Capture 3 - C3 [144] Montage - 7_C0.tif
318,/allen/aics/assay-dev/MicroscopyData/Melissa/2019/20190816/63x_exports/20190816_M02_002_Capture 1 - Capture 3 - C3 [144] Montage - 6_C0.tif
319,/allen/aics/assay-dev/MicroscopyData/Melissa/2019/20190816/63x_exports/20190816_M02_001_Capture 3 - Capture 3 - B2 [144] Montage - 5_C0.tif
320,/allen/aics/assay-dev/MicroscopyData/Melissa/2019/20190816/63x_exports/20190816_M02_001_Capture 3 - Capture 3 - B2 [144] Montage - 15_C0.tif
321,/allen/aics/assay-dev/MicroscopyData/Melissa/2019/20190816/63x_exports/20190816_M02_002_Capture 1 - Capture 3 - C5 [144] Montage - 24_C0.tif
322,/allen/aics/assay-dev/MicroscopyData/Melissa/2019/20190816/63x_exports/20190816_M02_002_Capture 1 - Capture 3 - C3 [144] Montage - 18_C0.tif
323,/allen/aics/assay-dev/MicroscopyData/Melissa/2019/20190816/63x_exports/20190816_M02_001_Capture 3 - Capture 3 - B4 [144] Montage - 23_C0.tif
324,/allen/aics/assay-dev/MicroscopyData/Melissa/2019/20190816/63x_exports/20190816_M02_002_Capture 1 - Capture 3 - C5 [144] Montage - 2_C0.tif
325,/allen/aics/assay-dev/MicroscopyData/Melissa/2019/20190816/63x_exports/20190816_M02_001_Capture 3 - Capture 3 - B4 [144] Montage - 27_C0.tif
326,/allen/aics/assay-dev/MicroscopyData/Melissa/2019/20190816/63x_exports/20190816_M02_001_Capture 3 - Capture 3 - B3 [144] Montage - 18_C0.tif
327,/allen/aics/assay-dev/MicroscopyData/Melissa/2019/20190816/63x_exports/20190816_M02_001_Capture 3 - Capture 3 - B2 [144] Montage - 20_C0.tif
328,/allen/aics/assay-dev/MicroscopyData/Melissa/2019/20190816/63x_exports/20190816_M02_001_Capture 3 - Capture 3 - B5 [144] Montage - 26_C0.tif
329,/allen/aics/assay-dev/MicroscopyData/Melissa/2019/20190816/63x_exports/20190816_M02_002_Capture 1 - Capture 3 - C2 [144] Montage - 30_C0.tif
330,/allen/aics/assay-dev/MicroscopyData/Melissa/2019/20190816/63x_exports/20190816_M02_002_Capture 1 - Capture 3 - C3 [144] Montage - 4_C0.tif
331,/allen/aics/assay-dev/MicroscopyData/Melissa/2019/20190816/63x_exports/20190816_M02_001_Capture 3 - Capture 3 - B4 [144] Montage - 20_C0.tif
332,/allen/aics/assay-dev/MicroscopyData/Melissa/2019/20190816/63x_exports/20190816_M02_002_Capture 1 - Capture 3 - C3 [144] Montage - 1_C0.tif
333,/allen/aics/assay-dev/MicroscopyData/Melissa/2019/20190816/63x_exports/20190816_M02_001_Capture 3 - Capture 3 - B2 [144] Montage - 1_C0.tif
334,/allen/aics/assay-dev/MicroscopyData/Melissa/2019/20190816/63x_exports/20190816_M02_002_Capture 1 - Capture 3 - C2 [144] Montage - 8_C0.tif
335,/allen/aics/assay-dev/MicroscopyData/Melissa/2019/20190816/63x_exports/20190816_M02_002_Capture 1 - Capture 3 - C4 [144] Montage - 27_C0.tif
336,/allen/aics/assay-dev/MicroscopyData/Melissa/2019/20190816/63x_exports/20190816_M02_002_Capture 1 - Capture 3 - C2 [144] Montage - 4_C0.tif
337,/allen/aics/assay-dev/MicroscopyData/Melissa/2019/20190816/63x_exports/20190816_M02_001_Capture 3 - Capture 3 - B3 [144] Montage - 7_C0.tif
338,/allen/aics/assay-dev/MicroscopyData/Melissa/2019/20190816/63x_exports/20190816_M02_001_Capture 3 - Capture 3 - B3 [144] Montage - 22_C0.tif
339,/allen/aics/assay-dev/MicroscopyData/Melissa/2019/20190816/63x_exports/20190816_M02_002_Capture 1 - Capture 3 - C2 [144] Montage - 17_C0.tif
340,/allen/aics/assay-dev/MicroscopyData/Melissa/2019/20190816/63x_exports/20190816_M02_001_Capture 3 - Capture 3 - B4 [144] Montage - 30_C0.tif
341,/allen/aics/assay-dev/MicroscopyData/Melissa/2019/20190816/63x_exports/20190816_M02_002_Capture 1 - Capture 3 - C5 [144] Montage - 29_C0.tif
342,/allen/aics/assay-dev/MicroscopyData/Melissa/2019/20190816/63x_exports/20190816_M02_001_Capture 3 - Capture 3 - B5 [144] Montage - 2_C0.tif
343,/allen/aics/assay-dev/MicroscopyData/Melissa/2019/20190816/63x_exports/20190816_M02_001_Capture 3 - Capture 3 - B5 [144] Montage - 16_C0.tif
344,/allen/aics/assay-dev/MicroscopyData/Melissa/2019/20190816/63x_exports/20190816_M02_002_Capture 1 - Capture 3 - C4 [144] Montage - 16_C0.tif
345,/allen/aics/assay-dev/MicroscopyData/Melissa/2019/20190816/63x_exports/20190816_M02_002_Capture 1 - Capture 3 - C4 [144] Montage - 3_C0.tif
346,/allen/aics/assay-dev/MicroscopyData/Melissa/2019/20190816/63x_exports/20190816_M02_002_Capture 1 - Capture 3 - C5 [144] Montage - 25_C0.tif
347,/allen/aics/assay-dev/MicroscopyData/Melissa/2019/20190816/63x_exports/20190816_M02_001_Capture 3 - Capture 3 - B2 [144] Montage - 12_C0.tif
348,/allen/aics/assay-dev/MicroscopyData/Melissa/2019/20190816/63x_exports/20190816_M02_002_Capture 1 - Capture 3 - C2 [144] Montage - 6_C0.tif
349,/allen/aics/assay-dev/MicroscopyData/Melissa/2019/20190816/63x_exports/20190816_M02_001_Capture 3 - Capture 3 - B5 [144] Montage - 3_C0.tif
350,/allen/aics/assay-dev/MicroscopyData/Melissa/2019/20190816/63x_exports/20190816_M02_001_Capture 3 - Capture 3 - B4 [144] Montage - 18_C0.tif
351,/allen/aics/assay-dev/MicroscopyData/Melissa/2019/20190816/63x_exports/20190816_M02_002_Capture 1 - Capture 3 - C4 [144] Montage - 20_C0.tif
352,/allen/aics/assay-dev/MicroscopyData/Melissa/2019/20190816/63x_exports/20190816_M02_002_Capture 1 - Capture 3 - C2 [144] Montage - 28_C0.tif
353,/allen/aics/assay-dev/MicroscopyData/Melissa/2019/20190816/63x_exports/20190816_M02_001_Capture 3 - Capture 3 - B4 [144] Montage - 3_C0.tif
354,/allen/aics/assay-dev/MicroscopyData/Melissa/2019/20190816/63x_exports/20190816_M02_001_Capture 3 - Capture 3 - B3 [144] Montage - 11_C0.tif
355,/allen/aics/assay-dev/MicroscopyData/Melissa/2019/20190816/63x_exports/20190816_M02_002_Capture 1 - Capture 3 - C3 [144] Montage - 26_C0.tif
356,/allen/aics/assay-dev/MicroscopyData/Melissa/2019/20190816/63x_exports/20190816_M02_002_Capture 1 - Capture 3 - C2 [144] Montage - 21_C0.tif
357,/allen/aics/assay-dev/MicroscopyData/Melissa/2019/20190816/63x_exports/20190816_M02_001_Capture 3 - Capture 3 - B3 [144] Montage - 1_C0.tif
358,/allen/aics/assay-dev/MicroscopyData/Melissa/2019/20190816/63x_exports/20190816_M02_002_Capture 1 - Capture 3 - C4 [144] Montage - 2_C0.tif
359,/allen/aics/assay-dev/MicroscopyData/Melissa/2019/20190816/63x_exports/20190816_M02_002_Capture 1 - Capture 3 - C2 [144] Montage - 20_C0.tif
360,/allen/aics/assay-dev/MicroscopyData/Melissa/2019/20190816/63x_exports/20190816_M02_002_Capture 1 - Capture 3 - C3 [144] Montage - 21_C0.tif
361,/allen/aics/assay-dev/MicroscopyData/Melissa/2019/20190816/63x_exports/20190816_M02_001_Capture 3 - Capture 3 - B2 [144] Montage - 26_C0.tif
362,/allen/aics/assay-dev/MicroscopyData/Melissa/2019/20190816/63x_exports/20190816_M02_002_Capture 1 - Capture 3 - C5 [144] Montage - 4_C0.tif
363,/allen/aics/assay-dev/MicroscopyData/Melissa/2019/20190816/63x_exports/20190816_M02_002_Capture 1 - Capture 3 - C4 [144] Montage - 26_C0.tif
364,/allen/aics/assay-dev/MicroscopyData/Melissa/2019/20190816/63x_exports/20190816_M02_001_Capture 3 - Capture 3 - B5 [144] Montage - 13_C0.tif
365,/allen/aics/assay-dev/MicroscopyData/Melissa/2019/20190816/63x_exports/20190816_M02_002_Capture 1 - Capture 3 - C5 [144] Montage - 26_C0.tif
366,/allen/aics/assay-dev/MicroscopyData/Melissa/2019/20190816/63x_exports/20190816_M02_002_Capture 1 - Capture 3 - C5 [144] Montage - 11_C0.tif
367,/allen/aics/assay-dev/MicroscopyData/Melissa/2019/20190816/63x_exports/20190816_M02_001_Capture 3 - Capture 3 - B3 [144] Montage - 19_C0.tif
368,/allen/aics/assay-dev/MicroscopyData/Melissa/2019/20190816/63x_exports/20190816_M02_002_Capture 1 - Capture 3 - C5 [144] Montage - 9_C0.tif
369,/allen/aics/assay-dev/MicroscopyData/Melissa/2019/20190816/63x_exports/20190816_M02_002_Capture 1 - Capture 3 - C4 [144] Montage - 5_C0.tif
370,/allen/aics/assay-dev/MicroscopyData/Melissa/2019/20190816/63x_exports/20190816_M02_001_Capture 3 - Capture 3 - B2 [144] Montage - 16_C0.tif
371,/allen/aics/assay-dev/MicroscopyData/Melissa/2019/20190816/63x_exports/20190816_M02_002_Capture 1 - Capture 3 - C3 [144] Montage - 20_C0.tif
372,/allen/aics/assay-dev/MicroscopyData/Melissa/2019/20190816/63x_exports/20190816_M02_001_Capture 3 - Capture 3 - B2 [144] Montage - 6_C0.tif
373,/allen/aics/assay-dev/MicroscopyData/Melissa/2019/20190816/63x_exports/20190816_M02_001_Capture 3 - Capture 3 - B3 [144] Montage - 20_C0.tif
374,/allen/aics/assay-dev/MicroscopyData/Melissa/2019/20190816/63x_exports/20190816_M02_002_Capture 1 - Capture 3 - C3 [144] Montage - 2_C0.tif
375,/allen/aics/assay-dev/MicroscopyData/Melissa/2019/20190816/63x_exports/20190816_M02_001_Capture 3 - Capture 3 - B4 [144] Montage - 5_C0.tif
376,/allen/aics/assay-dev/MicroscopyData/Melissa/2019/20190816/63x_exports/20190816_M02_002_Capture 1 - Capture 3 - C2 [144] Montage - 5_C0.tif
377,/allen/aics/assay-dev/MicroscopyData/Melissa/2019/20190816/63x_exports/20190816_M02_002_Capture 1 - Capture 3 - C4 [144] Montage - 18_C0.tif
378,/allen/aics/assay-dev/MicroscopyData/Melissa/2019/20190816/63x_exports/20190816_M02_001_Capture 3 - Capture 3 - B5 [144] Montage - 28_C0.tif
379,/allen/aics/assay-dev/MicroscopyData/Melissa/2019/20190816/63x_exports/20190816_M02_002_Capture 1 - Capture 3 - C5 [144] Montage - 28_C0.tif
380,/allen/aics/assay-dev/MicroscopyData/Melissa/2019/20190816/63x_exports/20190816_M02_002_Capture 1 - Capture 3 - C2 [144] Montage - 3_C0.tif
381,/allen/aics/assay-dev/MicroscopyData/Melissa/2019/20190816/63x_exports/20190816_M02_002_Capture 1 - Capture 3 - C2 [144] Montage - 14_C0.tif
382,/allen/aics/assay-dev/MicroscopyData/Melissa/2019/20190816/63x_exports/20190816_M02_001_Capture 3 - Capture 3 - B3 [144] Montage - 13_C0.tif
383,/allen/aics/assay-dev/MicroscopyData/Melissa/2019/20190816/63x_exports/20190816_M02_002_Capture 1 - Capture 3 - C3 [144] Montage - 22_C0.tif
384,/allen/aics/assay-dev/MicroscopyData/Melissa/2019/20190816/63x_exports/20190816_M02_001_Capture 3 - Capture 3 - B2 [144] Montage - 22_C0.tif
385,/allen/aics/assay-dev/MicroscopyData/Melissa/2019/20190816/63x_exports/20190816_M02_002_Capture 1 - Capture 3 - C2 [144] Montage - 9_C0.tif
386,/allen/aics/assay-dev/MicroscopyData/Melissa/2019/20190816/63x_exports/20190816_M02_001_Capture 3 - Capture 3 - B5 [144] Montage - 1_C0.tif
387,/allen/aics/assay-dev/MicroscopyData/Melissa/2019/20190816/63x_exports/20190816_M02_001_Capture 3 - Capture 3 - B5 [144] Montage - 5_C0.tif
388,/allen/aics/assay-dev/MicroscopyData/Melissa/2019/20190816/63x_exports/20190816_M02_001_Capture 3 - Capture 3 - B2 [144] Montage - 7_C0.tif
389,/allen/aics/assay-dev/MicroscopyData/Melissa/2019/20190816/63x_exports/20190816_M02_001_Capture 3 - Capture 3 - B5 [144] Montage - 21_C0.tif
390,/allen/aics/assay-dev/MicroscopyData/Melissa/2019/20190816/63x_exports/20190816_M02_002_Capture 1 - Capture 3 - C5 [144] Montage - 18_C0.tif
391,/allen/aics/assay-dev/MicroscopyData/Melissa/2019/20190816/63x_exports/20190816_M02_001_Capture 3 - Capture 3 - B4 [144] Montage - 19_C0.tif
392,/allen/aics/assay-dev/MicroscopyData/Melissa/2019/20190816/63x_exports/20190816_M02_002_Capture 1 - Capture 3 - C3 [144] Montage - 15_C0.tif
393,/allen/aics/assay-dev/MicroscopyData/Melissa/2019/20190816/63x_exports/20190816_M02_001_Capture 3 - Capture 3 - B2 [144] Montage - 18_C0.tif
394,/allen/aics/assay-dev/MicroscopyData/Melissa/2019/20190816/63x_exports/20190816_M02_001_Capture 3 - Capture 3 - B3 [144] Montage - 6_C0.tif
395,/allen/aics/assay-dev/MicroscopyData/Melissa/2019/20190816/63x_exports/20190816_M02_001_Capture 3 - Capture 3 - B3 [144] Montage - 28_C0.tif
396,/allen/aics/assay-dev/MicroscopyData/Melissa/2019/20190816/63x_exports/20190816_M02_001_Capture 3 - Capture 3 - B5 [144] Montage - 7_C0.tif
397,/allen/aics/assay-dev/MicroscopyData/Melissa/2019/20190816/63x_exports/20190816_M02_002_Capture 1 - Capture 3 - C2 [144] Montage - 16_C0.tif
398,/allen/aics/assay-dev/MicroscopyData/Melissa/2019/20190816/63x_exports/20190816_M02_001_Capture 3 - Capture 3 - B5 [144] Montage - 17_C0.tif
399,/allen/aics/assay-dev/MicroscopyData/Melissa/2019/20190816/63x_exports/20190816_M02_001_Capture 3 - Capture 3 - B4 [144] Montage - 24_C0.tif
400,/allen/aics/assay-dev/MicroscopyData/Melissa/2019/20190816/63x_exports/20190816_M02_001_Capture 3 - Capture 3 - B3 [144] Montage - 4_C0.tif
401,/allen/aics/assay-dev/MicroscopyData/Melissa/2019/20190816/63x_exports/20190816_M02_001_Capture 3 - Capture 3 - B5 [144] Montage - 4_C0.tif
402,/allen/aics/assay-dev/MicroscopyData/Melissa/2019/20190816/63x_exports/20190816_M02_001_Capture 3 - Capture 3 - B3 [144] Montage - 2_C0.tif
403,/allen/aics/assay-dev/MicroscopyData/Melissa/2019/20190816/63x_exports/20190816_M02_001_Capture 3 - Capture 3 - B5 [144] Montage - 18_C0.tif
404,/allen/aics/assay-dev/MicroscopyData/Melissa/2019/20190816/63x_exports/20190816_M02_002_Capture 1 - Capture 3 - C4 [144] Montage - 13_C0.tif
405,/allen/aics/assay-dev/MicroscopyData/Melissa/2019/20190816/63x_exports/20190816_M02_002_Capture 1 - Capture 3 - C2 [144] Montage - 24_C0.tif
406,/allen/aics/assay-dev/MicroscopyData/Melissa/2019/20190816/63x_exports/20190816_M02_002_Capture 1 - Capture 3 - C5 [144] Montage - 23_C0.tif
407,/allen/aics/assay-dev/MicroscopyData/Melissa/2019/20190816/63x_exports/20190816_M02_001_Capture 3 - Capture 3 - B4 [144] Montage - 12_C0.tif
408,/allen/aics/assay-dev/MicroscopyData/Melissa/2019/20190816/63x_exports/20190816_M02_001_Capture 3 - Capture 3 - B2 [144] Montage - 11_C0.tif
409,/allen/aics/assay-dev/MicroscopyData/Melissa/2019/20190816/63x_exports/20190816_M02_001_Capture 3 - Capture 3 - B2 [144] Montage - 19_C0.tif
410,/allen/aics/assay-dev/MicroscopyData/Melissa/2019/20190816/63x_exports/20190816_M02_002_Capture 1 - Capture 3 - C4 [144] Montage - 11_C0.tif
411,/allen/aics/assay-dev/MicroscopyData/Melissa/2019/20190816/63x_exports/20190816_M02_002_Capture 1 - Capture 3 - C3 [144] Montage - 24_C0.tif
412,/allen/aics/assay-dev/MicroscopyData/Melissa/2019/20190816/63x_exports/20190816_M02_001_Capture 3 - Capture 3 - B5 [144] Montage - 12_C0.tif
413,/allen/aics/assay-dev/MicroscopyData/Melissa/2019/20190816/63x_exports/20190816_M02_002_Capture 1 - Capture 3 - C5 [144] Montage - 22_C0.tif
414,/allen/aics/assay-dev/MicroscopyData/Melissa/2019/20190816/63x_exports/20190816_M02_002_Capture 1 - Capture 3 - C2 [144] Montage - 19_C0.tif
415,/allen/aics/assay-dev/MicroscopyData/Melissa/2019/20190816/63x_exports/20190816_M02_001_Capture 3 - Capture 3 - B5 [144] Montage - 6_C0.tif
416,/allen/aics/assay-dev/MicroscopyData/Melissa/2019/20190816/63x_exports/20190816_M02_002_Capture 1 - Capture 3 - C3 [144] Montage - 17_C0.tif
417,/allen/aics/assay-dev/MicroscopyData/Melissa/2019/20190816/63x_exports/20190816_M02_002_Capture 1 - Capture 3 - C4 [144] Montage - 12_C0.tif
418,/allen/aics/assay-dev/MicroscopyData/Melissa/2019/20190816/63x_exports/20190816_M02_002_Capture 1 - Capture 3 - C3 [144] Montage - 28_C0.tif
419,/allen/aics/assay-dev/MicroscopyData/Melissa/2019/20190816/63x_exports/20190816_M02_002_Capture 1 - Capture 3 - C3 [144] Montage - 5_C0.tif
420,/allen/aics/assay-dev/MicroscopyData/Melissa/2019/20190816/63x_exports/20190816_M02_002_Capture 1 - Capture 3 - C4 [144] Montage - 24_C0.tif
421,/allen/aics/assay-dev/MicroscopyData/Melissa/2019/20190816/63x_exports/20190816_M02_002_Capture 1 - Capture 3 - C2 [144] Montage - 23_C0.tif
422,/allen/aics/assay-dev/MicroscopyData/Melissa/2019/20190816/63x_exports/20190816_M02_001_Capture 3 - Capture 3 - B5 [144] Montage - 10_C0.tif
423,/allen/aics/assay-dev/MicroscopyData/Melissa/2019/20190816/63x_exports/20190816_M02_001_Capture 3 - Capture 3 - B3 [144] Montage - 14_C0.tif
424,/allen/aics/assay-dev/MicroscopyData/Melissa/2019/20190816/63x_exports/20190816_M02_002_Capture 1 - Capture 3 - C4 [144] Montage - 30_C0.tif
425,/allen/aics/assay-dev/MicroscopyData/Melissa/2019/20190816/63x_exports/20190816_M02_002_Capture 1 - Capture 3 - C3 [144] Montage - 29_C0.tif
426,/allen/aics/assay-dev/MicroscopyData/Melissa/2019/20190816/63x_exports/20190816_M02_002_Capture 1 - Capture 3 - C4 [144] Montage - 19_C0.tif
427,/allen/aics/assay-dev/MicroscopyData/Melissa/2019/20190816/63x_exports/20190816_M02_002_Capture 1 - Capture 3 - C4 [144] Montage - 14_C0.tif
428,/allen/aics/assay-dev/MicroscopyData/Melissa/2019/20190816/63x_exports/20190816_M02_001_Capture 3 - Capture 3 - B2 [144] Montage - 3_C0.tif
429,/allen/aics/assay-dev/MicroscopyData/Melissa/2019/20190816/63x_exports/20190816_M02_001_Capture 3 - Capture 3 - B4 [144] Montage - 9_C0.tif
430,/allen/aics/assay-dev/MicroscopyData/Melissa/2019/20190816/63x_exports/20190816_M02_002_Capture 1 - Capture 3 - C5 [144] Montage - 27_C0.tif
431,/allen/aics/assay-dev/MicroscopyData/Melissa/2019/20190816/63x_exports/20190816_M02_001_Capture 3 - Capture 3 - B4 [144] Montage - 11_C0.tif
432,/allen/aics/assay-dev/MicroscopyData/Melissa/2019/20190816/63x_exports/20190816_M02_001_Capture 3 - Capture 3 - B2 [144] Montage - 10_C0.tif
433,/allen/aics/assay-dev/MicroscopyData/Melissa/2019/20190816/63x_exports/20190816_M02_001_Capture 3 - Capture 3 - B4 [144] Montage - 8_C0.tif
434,/allen/aics/assay-dev/MicroscopyData/Melissa/2019/20190816/63x_exports/20190816_M02_002_Capture 1 - Capture 3 - C5 [144] Montage - 5_C0.tif
435,/allen/aics/assay-dev/MicroscopyData/Melissa/2019/20190816/63x_exports/20190816_M02_001_Capture 3 - Capture 3 - B4 [144] Montage - 25_C0.tif
436,/allen/aics/assay-dev/MicroscopyData/Melissa/2019/20190816/63x_exports/20190816_M02_001_Capture 3 - Capture 3 - B4 [144] Montage - 14_C0.tif
437,/allen/aics/assay-dev/MicroscopyData/Melissa/2019/20190816/63x_exports/20190816_M02_001_Capture 3 - Capture 3 - B4 [144] Montage - 17_C0.tif
438,/allen/aics/assay-dev/MicroscopyData/Melissa/2019/20190816/63x_exports/20190816_M02_002_Capture 1 - Capture 3 - C5 [144] Montage - 21_C0.tif
439,/allen/aics/assay-dev/MicroscopyData/Melissa/2019/20190816/63x_exports/20190816_M02_001_Capture 3 - Capture 3 - B5 [144] Montage - 23_C0.tif
440,/allen/aics/assay-dev/MicroscopyData/Melissa/2019/20190816/63x_exports/20190816_M02_001_Capture 3 - Capture 3 - B2 [144] Montage - 24_C0.tif
441,/allen/aics/assay-dev/MicroscopyData/Melissa/2019/20190816/63x_exports/20190816_M02_002_Capture 1 - Capture 3 - C5 [144] Montage - 1_C0.tif
442,/allen/aics/assay-dev/MicroscopyData/Melissa/2019/20190816/63x_exports/20190816_M02_001_Capture 3 - Capture 3 - B3 [144] Montage - 30_C0.tif
443,/allen/aics/assay-dev/MicroscopyData/Melissa/2019/20190816/63x_exports/20190816_M02_002_Capture 1 - Capture 3 - C4 [144] Montage - 17_C0.tif
444,/allen/aics/assay-dev/MicroscopyData/Melissa/2019/20190816/63x_exports/20190816_M02_001_Capture 3 - Capture 3 - B4 [144] Montage - 29_C0.tif
445,/allen/aics/assay-dev/MicroscopyData/Melissa/2019/20190816/63x_exports/20190816_M02_001_Capture 3 - Capture 3 - B4 [144] Montage - 22_C0.tif
446,/allen/aics/assay-dev/MicroscopyData/Melissa/2019/20190816/63x_exports/20190816_M02_002_Capture 1 - Capture 3 - C3 [144] Montage - 30_C0.tif
447,/allen/aics/assay-dev/MicroscopyData/Melissa/2019/20190816/63x_exports/20190816_M02_002_Capture 1 - Capture 3 - C3 [144] Montage - 27_C0.tif
448,/allen/aics/assay-dev/MicroscopyData/Melissa/2019/20190816/63x_exports/20190816_M02_001_Capture 3 - Capture 3 - B5 [144] Montage - 19_C0.tif
449,/allen/aics/assay-dev/MicroscopyData/Melissa/2019/20190816/63x_exports/20190816_M02_002_Capture 1 - Capture 3 - C3 [144] Montage - 9_C0.tif
450,/allen/aics/assay-dev/MicroscopyData/Melissa/2019/20190816/63x_exports/20190816_M02_002_Capture 1 - Capture 3 - C3 [144] Montage - 12_C0.tif
451,/allen/aics/assay-dev/MicroscopyData/Melissa/2019/20190816/63x_exports/20190816_M02_002_Capture 1 - Capture 3 - C4 [144] Montage - 15_C0.tif
452,/allen/aics/assay-dev/MicroscopyData/Melissa/2019/20190816/63x_exports/20190816_M02_001_Capture 3 - Capture 3 - B2 [144] Montage - 13_C0.tif
453,/allen/aics/assay-dev/MicroscopyData/Melissa/2019/20190816/63x_exports/20190816_M02_001_Capture 3 - Capture 3 - B5 [144] Montage - 8_C0.tif
454,/allen/aics/assay-dev/MicroscopyData/Melissa/2019/20190816/63x_exports/20190816_M02_002_Capture 1 - Capture 3 - C3 [144] Montage - 11_C0.tif
455,/allen/aics/assay-dev/MicroscopyData/Melissa/2019/20190816/63x_exports/20190816_M02_001_Capture 3 - Capture 3 - B3 [144] Montage - 8_C0.tif
456,/allen/aics/assay-dev/MicroscopyData/Melissa/2019/20190816/63x_exports/20190816_M02_002_Capture 1 - Capture 3 - C3 [144] Montage - 3_C0.tif
457,/allen/aics/assay-dev/MicroscopyData/Melissa/2019/20190816/63x_exports/20190816_M02_002_Capture 1 - Capture 3 - C3 [144] Montage - 19_C0.tif
458,/allen/aics/assay-dev/MicroscopyData/Melissa/2019/20190816/63x_exports/20190816_M02_002_Capture 1 - Capture 3 - C2 [144] Montage - 2_C0.tif
459,/allen/aics/assay-dev/MicroscopyData/Melissa/2019/20190816/63x_exports/20190816_M02_002_Capture 1 - Capture 3 - C4 [144] Montage - 10_C0.tif
460,/allen/aics/assay-dev/MicroscopyData/Melissa/2019/20190816/63x_exports/20190816_M02_001_Capture 3 - Capture 3 - B3 [144] Montage - 26_C0.tif
461,/allen/aics/assay-dev/MicroscopyData/Melissa/2019/20190816/63x_exports/20190816_M02_001_Capture 3 - Capture 3 - B3 [144] Montage - 3_C0.tif
462,/allen/aics/assay-dev/MicroscopyData/Melissa/2019/20190816/63x_exports/20190816_M02_002_Capture 1 - Capture 3 - C3 [144] Montage - 16_C0.tif
463,/allen/aics/assay-dev/MicroscopyData/Melissa/2019/20190816/63x_exports/20190816_M02_002_Capture 1 - Capture 3 - C5 [144] Montage - 14_C0.tif
464,/allen/aics/assay-dev/MicroscopyData/Melissa/2019/20190816/63x_exports/20190816_M02_002_Capture 1 - Capture 3 - C2 [144] Montage - 18_C0.tif
465,/allen/aics/assay-dev/MicroscopyData/Melissa/2019/20190816/63x_exports/20190816_M02_001_Capture 3 - Capture 3 - B2 [144] Montage - 25_C0.tif
466,/allen/aics/assay-dev/MicroscopyData/Melissa/2019/20190816/63x_exports/20190816_M02_001_Capture 3 - Capture 3 - B5 [144] Montage - 27_C0.tif
467,/allen/aics/assay-dev/MicroscopyData/Melissa/2019/20190816/63x_exports/20190816_M02_002_Capture 1 - Capture 3 - C2 [144] Montage - 11_C0.tif
468,/allen/aics/assay-dev/MicroscopyData/Melissa/2019/20190816/63x_exports/20190816_M02_001_Capture 3 - Capture 3 - B2 [144] Montage - 8_C0.tif
469,/allen/aics/assay-dev/MicroscopyData/Melissa/2019/20190816/63x_exports/20190816_M02_002_Capture 1 - Capture 3 - C4 [144] Montage - 8_C0.tif
470,/allen/aics/assay-dev/MicroscopyData/Melissa/2019/20190816/63x_exports/20190816_M02_001_Capture 3 - Capture 3 - B2 [144] Montage - 27_C0.tif
471,/allen/aics/assay-dev/MicroscopyData/Melissa/2019/20190816/63x_exports/20190816_M02_001_Capture 3 - Capture 3 - B4 [144] Montage - 16_C0.tif
472,/allen/aics/assay-dev/MicroscopyData/Melissa/2019/20190816/63x_exports/20190816_M02_001_Capture 3 - Capture 3 - B5 [144] Montage - 20_C0.tif
473,/allen/aics/assay-dev/MicroscopyData/Melissa/2019/20190816/63x_exports/20190816_M02_001_Capture 3 - Capture 3 - B3 [144] Montage - 16_C0.tif
474,/allen/aics/assay-dev/MicroscopyData/Melissa/2019/20190816/63x_exports/20190816_M02_002_Capture 1 - Capture 3 - C5 [144] Montage - 17_C0.tif
475,/allen/aics/assay-dev/MicroscopyData/Melissa/2019/20190816/63x_exports/20190816_M02_001_Capture 3 - Capture 3 - B2 [144] Montage - 17_C0.tif
476,/allen/aics/assay-dev/MicroscopyData/Melissa/2019/20190816/63x_exports/20190816_M02_001_Capture 3 - Capture 3 - B2 [144] Montage - 4_C0.tif
477,/allen/aics/assay-dev/MicroscopyData/Melissa/2019/20190816/63x_exports/20190816_M02_001_Capture 3 - Capture 3 - B3 [144] Montage - 25_C0.tif
478,/allen/aics/assay-dev/MicroscopyData/Melissa/2019/20190816/63x_exports/20190816_M02_001_Capture 3 - Capture 3 - B3 [144] Montage - 5_C0.tif
479,/allen/aics/assay-dev/MicroscopyData/Melissa/2019/20190816/63x_exports/20190816_M02_001_Capture 3 - Capture 3 - B4 [144] Montage - 26_C0.tif
480,/allen/aics/assay-dev/MicroscopyData/Melissa/2019/20190816/63x_exports/20190816_M02_001_Capture 3 - Capture 3 - B4 [144] Montage - 4_C0.tif